batch,node_id,x,y,is_station
0,0,4,5,0
0,1,1,5,0
0,2,9,0,0
0,3,3,2,0
0,4,3,5,1
0,5,6,3,0
0,6,1,7,1
0,7,7,2,0
0,8,7,9,0
0,9,9,6,0
0,10,4,8,0
0,11,3,6,1
0,12,1,6,1
0,13,1,1,0
0,14,2,3,0
0,15,8,0,0
0,16,2,2,0
0,17,5,8,0
0,18,0,3,0
0,19,6,2,0
0,20,5,0,0
0,21,3,3,0
0,22,6,6,0
0,23,9,9,0
0,24,4,3,0
0,25,7,6,0
0,26,0,7,0
0,27,5,7,1
0,28,8,1,0
0,29,8,2,1
0,30,0,6,0
0,31,1,0,1
0,32,2,4,0
0,33,5,2,0
0,34,9,5,0
0,35,7,3,0
0,36,9,1,0
0,37,2,1,0
0,38,3,8,1
0,39,3,1,0
1,0,4,5,0
1,1,1,5,0
1,2,9,0,0
1,3,3,2,0
1,4,3,5,1
1,5,6,3,0
1,6,1,7,1
1,7,7,2,0
1,8,7,9,0
1,9,9,6,0
1,10,4,8,0
1,11,3,6,1
1,12,1,6,1
1,13,1,1,0
1,14,2,3,0
1,15,8,0,0
1,16,2,2,0
1,17,5,8,0
1,18,0,3,0
1,19,6,2,0
1,20,5,0,0
1,21,3,3,0
1,22,6,6,0
1,23,9,9,0
1,24,4,3,0
1,25,7,6,0
1,26,0,7,0
1,27,5,7,1
1,28,8,1,0
1,29,8,2,1
1,30,0,6,0
1,31,1,0,1
1,32,2,4,0
1,33,5,2,0
1,34,9,5,0
1,35,7,3,0
1,36,9,1,0
1,37,2,1,0
1,38,3,8,1
1,39,3,1,0
2,0,4,5,0
2,1,1,5,0
2,2,9,0,0
2,3,3,2,0
2,4,3,5,1
2,5,6,3,0
2,6,1,7,1
2,7,7,2,0
2,8,7,9,0
2,9,9,6,0
2,10,4,8,0
2,11,3,6,1
2,12,1,6,1
2,13,1,1,0
2,14,2,3,0
2,15,8,0,0
2,16,2,2,0
2,17,5,8,0
2,18,0,3,0
2,19,6,2,0
2,20,5,0,0
2,21,3,3,0
2,22,6,6,0
2,23,9,9,0
2,24,4,3,0
2,25,7,6,0
2,26,0,7,0
2,27,5,7,1
2,28,8,1,0
2,29,8,2,1
2,30,0,6,0
2,31,1,0,1
2,32,2,4,0
2,33,5,2,0
2,34,9,5,0
2,35,7,3,0
2,36,9,1,0
2,37,2,1,0
2,38,3,8,1
2,39,3,1,0
3,0,4,5,0
3,1,1,5,0
3,2,9,0,0
3,3,3,2,0
3,4,3,5,1
3,5,6,3,0
3,6,1,7,1
3,7,7,2,0
3,8,7,9,0
3,9,9,6,0
3,10,4,8,0
3,11,3,6,1
3,12,1,6,1
3,13,1,1,0
3,14,2,3,0
3,15,8,0,0
3,16,2,2,0
3,17,5,8,0
3,18,0,3,0
3,19,6,2,0
3,20,5,0,0
3,21,3,3,0
3,22,6,6,0
3,23,9,9,0
3,24,4,3,0
3,25,7,6,0
3,26,0,7,0
3,27,5,7,1
3,28,8,1,0
3,29,8,2,1
3,30,0,6,0
3,31,1,0,1
3,32,2,4,0
3,33,5,2,0
3,34,9,5,0
3,35,7,3,0
3,36,9,1,0
3,37,2,1,0
3,38,3,8,1
3,39,3,1,0
4,0,4,5,0
4,1,1,5,0
4,2,9,0,0
4,3,3,2,0
4,4,3,5,1
4,5,6,3,0
4,6,1,7,1
4,7,7,2,0
4,8,7,9,0
4,9,9,6,0
4,10,4,8,0
4,11,3,6,1
4,12,1,6,1
4,13,1,1,0
4,14,2,3,0
4,15,8,0,0
4,16,2,2,0
4,17,5,8,0
4,18,0,3,0
4,19,6,2,0
4,20,5,0,0
4,21,3,3,0
4,22,6,6,0
4,23,9,9,0
4,24,4,3,0
4,25,7,6,0
4,26,0,7,0
4,27,5,7,1
4,28,8,1,0
4,29,8,2,1
4,30,0,6,0
4,31,1,0,1
4,32,2,4,0
4,33,5,2,0
4,34,9,5,0
4,35,7,3,0
4,36,9,1,0
4,37,2,1,0
4,38,3,8,1
4,39,3,1,0
5,0,4,5,0
5,1,1,5,0
5,2,9,0,0
5,3,3,2,0
5,4,3,5,1
5,5,6,3,0
5,6,1,7,1
5,7,7,2,0
5,8,7,9,0
5,9,9,6,0
5,10,4,8,0
5,11,3,6,1
5,12,1,6,1
5,13,1,1,0
5,14,2,3,0
5,15,8,0,0
5,16,2,2,0
5,17,5,8,0
5,18,0,3,0
5,19,6,2,0
5,20,5,0,0
5,21,3,3,0
5,22,6,6,0
5,23,9,9,0
5,24,4,3,0
5,25,7,6,0
5,26,0,7,0
5,27,5,7,1
5,28,8,1,0
5,29,8,2,1
5,30,0,6,0
5,31,1,0,1
5,32,2,4,0
5,33,5,2,0
5,34,9,5,0
5,35,7,3,0
5,36,9,1,0
5,37,2,1,0
5,38,3,8,1
5,39,3,1,0
6,0,4,5,0
6,1,1,5,0
6,2,9,0,0
6,3,3,2,0
6,4,3,5,1
6,5,6,3,0
6,6,1,7,1
6,7,7,2,0
6,8,7,9,0
6,9,9,6,0
6,10,4,8,0
6,11,3,6,1
6,12,1,6,1
6,13,1,1,0
6,14,2,3,0
6,15,8,0,0
6,16,2,2,0
6,17,5,8,0
6,18,0,3,0
6,19,6,2,0
6,20,5,0,0
6,21,3,3,0
6,22,6,6,0
6,23,9,9,0
6,24,4,3,0
6,25,7,6,0
6,26,0,7,0
6,27,5,7,1
6,28,8,1,0
6,29,8,2,1
6,30,0,6,0
6,31,1,0,1
6,32,2,4,0
6,33,5,2,0
6,34,9,5,0
6,35,7,3,0
6,36,9,1,0
6,37,2,1,0
6,38,3,8,1
6,39,3,1,0
7,0,4,5,0
7,1,1,5,0
7,2,9,0,0
7,3,3,2,0
7,4,3,5,1
7,5,6,3,0
7,6,1,7,1
7,7,7,2,0
7,8,7,9,0
7,9,9,6,0
7,10,4,8,0
7,11,3,6,1
7,12,1,6,1
7,13,1,1,0
7,14,2,3,0
7,15,8,0,0
7,16,2,2,0
7,17,5,8,0
7,18,0,3,0
7,19,6,2,0
7,20,5,0,0
7,21,3,3,0
7,22,6,6,0
7,23,9,9,0
7,24,4,3,0
7,25,7,6,0
7,26,0,7,0
7,27,5,7,1
7,28,8,1,0
7,29,8,2,1
7,30,0,6,0
7,31,1,0,1
7,32,2,4,0
7,33,5,2,0
7,34,9,5,0
7,35,7,3,0
7,36,9,1,0
7,37,2,1,0
7,38,3,8,1
7,39,3,1,0
8,0,4,5,0
8,1,1,5,0
8,2,9,0,0
8,3,3,2,0
8,4,3,5,1
8,5,6,3,0
8,6,1,7,1
8,7,7,2,0
8,8,7,9,0
8,9,9,6,0
8,10,4,8,0
8,11,3,6,1
8,12,1,6,1
8,13,1,1,0
8,14,2,3,0
8,15,8,0,0
8,16,2,2,0
8,17,5,8,0
8,18,0,3,0
8,19,6,2,0
8,20,5,0,0
8,21,3,3,0
8,22,6,6,0
8,23,9,9,0
8,24,4,3,0
8,25,7,6,0
8,26,0,7,0
8,27,5,7,1
8,28,8,1,0
8,29,8,2,1
8,30,0,6,0
8,31,1,0,1
8,32,2,4,0
8,33,5,2,0
8,34,9,5,0
8,35,7,3,0
8,36,9,1,0
8,37,2,1,0
8,38,3,8,1
8,39,3,1,0
9,0,4,5,0
9,1,1,5,0
9,2,9,0,0
9,3,3,2,0
9,4,3,5,1
9,5,6,3,0
9,6,1,7,1
9,7,7,2,0
9,8,7,9,0
9,9,9,6,0
9,10,4,8,0
9,11,3,6,1
9,12,1,6,1
9,13,1,1,0
9,14,2,3,0
9,15,8,0,0
9,16,2,2,0
9,17,5,8,0
9,18,0,3,0
9,19,6,2,0
9,20,5,0,0
9,21,3,3,0
9,22,6,6,0
9,23,9,9,0
9,24,4,3,0
9,25,7,6,0
9,26,0,7,0
9,27,5,7,1
9,28,8,1,0
9,29,8,2,1
9,30,0,6,0
9,31,1,0,1
9,32,2,4,0
9,33,5,2,0
9,34,9,5,0
9,35,7,3,0
9,36,9,1,0
9,37,2,1,0
9,38,3,8,1
9,39,3,1,0
10,0,4,5,0
10,1,1,5,0
10,2,9,0,0
10,3,3,2,0
10,4,3,5,1
10,5,6,3,0
10,6,1,7,1
10,7,7,2,0
10,8,7,9,0
10,9,9,6,0
10,10,4,8,0
10,11,3,6,1
10,12,1,6,1
10,13,1,1,0
10,14,2,3,0
10,15,8,0,0
10,16,2,2,0
10,17,5,8,0
10,18,0,3,0
10,19,6,2,0
10,20,5,0,0
10,21,3,3,0
10,22,6,6,0
10,23,9,9,0
10,24,4,3,0
10,25,7,6,0
10,26,0,7,0
10,27,5,7,1
10,28,8,1,0
10,29,8,2,1
10,30,0,6,0
10,31,1,0,1
10,32,2,4,0
10,33,5,2,0
10,34,9,5,0
10,35,7,3,0
10,36,9,1,0
10,37,2,1,0
10,38,3,8,1
10,39,3,1,0
11,0,4,5,0
11,1,1,5,0
11,2,9,0,0
11,3,3,2,0
11,4,3,5,1
11,5,6,3,0
11,6,1,7,1
11,7,7,2,0
11,8,7,9,0
11,9,9,6,0
11,10,4,8,0
11,11,3,6,1
11,12,1,6,1
11,13,1,1,0
11,14,2,3,0
11,15,8,0,0
11,16,2,2,0
11,17,5,8,0
11,18,0,3,0
11,19,6,2,0
11,20,5,0,0
11,21,3,3,0
11,22,6,6,0
11,23,9,9,0
11,24,4,3,0
11,25,7,6,0
11,26,0,7,0
11,27,5,7,1
11,28,8,1,0
11,29,8,2,1
11,30,0,6,0
11,31,1,0,1
11,32,2,4,0
11,33,5,2,0
11,34,9,5,0
11,35,7,3,0
11,36,9,1,0
11,37,2,1,0
11,38,3,8,1
11,39,3,1,0
12,0,4,5,0
12,1,1,5,0
12,2,9,0,0
12,3,3,2,0
12,4,3,5,1
12,5,6,3,0
12,6,1,7,1
12,7,7,2,0
12,8,7,9,0
12,9,9,6,0
12,10,4,8,0
12,11,3,6,1
12,12,1,6,1
12,13,1,1,0
12,14,2,3,0
12,15,8,0,0
12,16,2,2,0
12,17,5,8,0
12,18,0,3,0
12,19,6,2,0
12,20,5,0,0
12,21,3,3,0
12,22,6,6,0
12,23,9,9,0
12,24,4,3,0
12,25,7,6,0
12,26,0,7,0
12,27,5,7,1
12,28,8,1,0
12,29,8,2,1
12,30,0,6,0
12,31,1,0,1
12,32,2,4,0
12,33,5,2,0
12,34,9,5,0
12,35,7,3,0
12,36,9,1,0
12,37,2,1,0
12,38,3,8,1
12,39,3,1,0
13,0,4,5,0
13,1,1,5,0
13,2,9,0,0
13,3,3,2,0
13,4,3,5,1
13,5,6,3,0
13,6,1,7,1
13,7,7,2,0
13,8,7,9,0
13,9,9,6,0
13,10,4,8,0
13,11,3,6,1
13,12,1,6,1
13,13,1,1,0
13,14,2,3,0
13,15,8,0,0
13,16,2,2,0
13,17,5,8,0
13,18,0,3,0
13,19,6,2,0
13,20,5,0,0
13,21,3,3,0
13,22,6,6,0
13,23,9,9,0
13,24,4,3,0
13,25,7,6,0
13,26,0,7,0
13,27,5,7,1
13,28,8,1,0
13,29,8,2,1
13,30,0,6,0
13,31,1,0,1
13,32,2,4,0
13,33,5,2,0
13,34,9,5,0
13,35,7,3,0
13,36,9,1,0
13,37,2,1,0
13,38,3,8,1
13,39,3,1,0
14,0,4,5,0
14,1,1,5,0
14,2,9,0,0
14,3,3,2,0
14,4,3,5,1
14,5,6,3,0
14,6,1,7,1
14,7,7,2,0
14,8,7,9,0
14,9,9,6,0
14,10,4,8,0
14,11,3,6,1
14,12,1,6,1
14,13,1,1,0
14,14,2,3,0
14,15,8,0,0
14,16,2,2,0
14,17,5,8,0
14,18,0,3,0
14,19,6,2,0
14,20,5,0,0
14,21,3,3,0
14,22,6,6,0
14,23,9,9,0
14,24,4,3,0
14,25,7,6,0
14,26,0,7,0
14,27,5,7,1
14,28,8,1,0
14,29,8,2,1
14,30,0,6,0
14,31,1,0,1
14,32,2,4,0
14,33,5,2,0
14,34,9,5,0
14,35,7,3,0
14,36,9,1,0
14,37,2,1,0
14,38,3,8,1
14,39,3,1,0
15,0,4,5,0
15,1,1,5,0
15,2,9,0,0
15,3,3,2,0
15,4,3,5,1
15,5,6,3,0
15,6,1,7,1
15,7,7,2,0
15,8,7,9,0
15,9,9,6,0
15,10,4,8,0
15,11,3,6,1
15,12,1,6,1
15,13,1,1,0
15,14,2,3,0
15,15,8,0,0
15,16,2,2,0
15,17,5,8,0
15,18,0,3,0
15,19,6,2,0
15,20,5,0,0
15,21,3,3,0
15,22,6,6,0
15,23,9,9,0
15,24,4,3,0
15,25,7,6,0
15,26,0,7,0
15,27,5,7,1
15,28,8,1,0
15,29,8,2,1
15,30,0,6,0
15,31,1,0,1
15,32,2,4,0
15,33,5,2,0
15,34,9,5,0
15,35,7,3,0
15,36,9,1,0
15,37,2,1,0
15,38,3,8,1
15,39,3,1,0
16,0,4,5,0
16,1,1,5,0
16,2,9,0,0
16,3,3,2,0
16,4,3,5,1
16,5,6,3,0
16,6,1,7,1
16,7,7,2,0
16,8,7,9,0
16,9,9,6,0
16,10,4,8,0
16,11,3,6,1
16,12,1,6,1
16,13,1,1,0
16,14,2,3,0
16,15,8,0,0
16,16,2,2,0
16,17,5,8,0
16,18,0,3,0
16,19,6,2,0
16,20,5,0,0
16,21,3,3,0
16,22,6,6,0
16,23,9,9,0
16,24,4,3,0
16,25,7,6,0
16,26,0,7,0
16,27,5,7,1
16,28,8,1,0
16,29,8,2,1
16,30,0,6,0
16,31,1,0,1
16,32,2,4,0
16,33,5,2,0
16,34,9,5,0
16,35,7,3,0
16,36,9,1,0
16,37,2,1,0
16,38,3,8,1
16,39,3,1,0
17,0,4,5,0
17,1,1,5,0
17,2,9,0,0
17,3,3,2,0
17,4,3,5,1
17,5,6,3,0
17,6,1,7,1
17,7,7,2,0
17,8,7,9,0
17,9,9,6,0
17,10,4,8,0
17,11,3,6,1
17,12,1,6,1
17,13,1,1,0
17,14,2,3,0
17,15,8,0,0
17,16,2,2,0
17,17,5,8,0
17,18,0,3,0
17,19,6,2,0
17,20,5,0,0
17,21,3,3,0
17,22,6,6,0
17,23,9,9,0
17,24,4,3,0
17,25,7,6,0
17,26,0,7,0
17,27,5,7,1
17,28,8,1,0
17,29,8,2,1
17,30,0,6,0
17,31,1,0,1
17,32,2,4,0
17,33,5,2,0
17,34,9,5,0
17,35,7,3,0
17,36,9,1,0
17,37,2,1,0
17,38,3,8,1
17,39,3,1,0
18,0,4,5,0
18,1,1,5,0
18,2,9,0,0
18,3,3,2,0
18,4,3,5,1
18,5,6,3,0
18,6,1,7,1
18,7,7,2,0
18,8,7,9,0
18,9,9,6,0
18,10,4,8,0
18,11,3,6,1
18,12,1,6,1
18,13,1,1,0
18,14,2,3,0
18,15,8,0,0
18,16,2,2,0
18,17,5,8,0
18,18,0,3,0
18,19,6,2,0
18,20,5,0,0
18,21,3,3,0
18,22,6,6,0
18,23,9,9,0
18,24,4,3,0
18,25,7,6,0
18,26,0,7,0
18,27,5,7,1
18,28,8,1,0
18,29,8,2,1
18,30,0,6,0
18,31,1,0,1
18,32,2,4,0
18,33,5,2,0
18,34,9,5,0
18,35,7,3,0
18,36,9,1,0
18,37,2,1,0
18,38,3,8,1
18,39,3,1,0
19,0,4,5,0
19,1,1,5,0
19,2,9,0,0
19,3,3,2,0
19,4,3,5,1
19,5,6,3,0
19,6,1,7,1
19,7,7,2,0
19,8,7,9,0
19,9,9,6,0
19,10,4,8,0
19,11,3,6,1
19,12,1,6,1
19,13,1,1,0
19,14,2,3,0
19,15,8,0,0
19,16,2,2,0
19,17,5,8,0
19,18,0,3,0
19,19,6,2,0
19,20,5,0,0
19,21,3,3,0
19,22,6,6,0
19,23,9,9,0
19,24,4,3,0
19,25,7,6,0
19,26,0,7,0
19,27,5,7,1
19,28,8,1,0
19,29,8,2,1
19,30,0,6,0
19,31,1,0,1
19,32,2,4,0
19,33,5,2,0
19,34,9,5,0
19,35,7,3,0
19,36,9,1,0
19,37,2,1,0
19,38,3,8,1
19,39,3,1,0
20,0,4,5,0
20,1,1,5,0
20,2,9,0,0
20,3,3,2,0
20,4,3,5,1
20,5,6,3,0
20,6,1,7,1
20,7,7,2,0
20,8,7,9,0
20,9,9,6,0
20,10,4,8,0
20,11,3,6,1
20,12,1,6,1
20,13,1,1,0
20,14,2,3,0
20,15,8,0,0
20,16,2,2,0
20,17,5,8,0
20,18,0,3,0
20,19,6,2,0
20,20,5,0,0
20,21,3,3,0
20,22,6,6,0
20,23,9,9,0
20,24,4,3,0
20,25,7,6,0
20,26,0,7,0
20,27,5,7,1
20,28,8,1,0
20,29,8,2,1
20,30,0,6,0
20,31,1,0,1
20,32,2,4,0
20,33,5,2,0
20,34,9,5,0
20,35,7,3,0
20,36,9,1,0
20,37,2,1,0
20,38,3,8,1
20,39,3,1,0
21,0,4,5,0
21,1,1,5,0
21,2,9,0,0
21,3,3,2,0
21,4,3,5,1
21,5,6,3,0
21,6,1,7,1
21,7,7,2,0
21,8,7,9,0
21,9,9,6,0
21,10,4,8,0
21,11,3,6,1
21,12,1,6,1
21,13,1,1,0
21,14,2,3,0
21,15,8,0,0
21,16,2,2,0
21,17,5,8,0
21,18,0,3,0
21,19,6,2,0
21,20,5,0,0
21,21,3,3,0
21,22,6,6,0
21,23,9,9,0
21,24,4,3,0
21,25,7,6,0
21,26,0,7,0
21,27,5,7,1
21,28,8,1,0
21,29,8,2,1
21,30,0,6,0
21,31,1,0,1
21,32,2,4,0
21,33,5,2,0
21,34,9,5,0
21,35,7,3,0
21,36,9,1,0
21,37,2,1,0
21,38,3,8,1
21,39,3,1,0
22,0,4,5,0
22,1,1,5,0
22,2,9,0,0
22,3,3,2,0
22,4,3,5,1
22,5,6,3,0
22,6,1,7,1
22,7,7,2,0
22,8,7,9,0
22,9,9,6,0
22,10,4,8,0
22,11,3,6,1
22,12,1,6,1
22,13,1,1,0
22,14,2,3,0
22,15,8,0,0
22,16,2,2,0
22,17,5,8,0
22,18,0,3,0
22,19,6,2,0
22,20,5,0,0
22,21,3,3,0
22,22,6,6,0
22,23,9,9,0
22,24,4,3,0
22,25,7,6,0
22,26,0,7,0
22,27,5,7,1
22,28,8,1,0
22,29,8,2,1
22,30,0,6,0
22,31,1,0,1
22,32,2,4,0
22,33,5,2,0
22,34,9,5,0
22,35,7,3,0
22,36,9,1,0
22,37,2,1,0
22,38,3,8,1
22,39,3,1,0
23,0,4,5,0
23,1,1,5,0
23,2,9,0,0
23,3,3,2,0
23,4,3,5,1
23,5,6,3,0
23,6,1,7,1
23,7,7,2,0
23,8,7,9,0
23,9,9,6,0
23,10,4,8,0
23,11,3,6,1
23,12,1,6,1
23,13,1,1,0
23,14,2,3,0
23,15,8,0,0
23,16,2,2,0
23,17,5,8,0
23,18,0,3,0
23,19,6,2,0
23,20,5,0,0
23,21,3,3,0
23,22,6,6,0
23,23,9,9,0
23,24,4,3,0
23,25,7,6,0
23,26,0,7,0
23,27,5,7,1
23,28,8,1,0
23,29,8,2,1
23,30,0,6,0
23,31,1,0,1
23,32,2,4,0
23,33,5,2,0
23,34,9,5,0
23,35,7,3,0
23,36,9,1,0
23,37,2,1,0
23,38,3,8,1
23,39,3,1,0
24,0,4,5,0
24,1,1,5,0
24,2,9,0,0
24,3,3,2,0
24,4,3,5,1
24,5,6,3,0
24,6,1,7,1
24,7,7,2,0
24,8,7,9,0
24,9,9,6,0
24,10,4,8,0
24,11,3,6,1
24,12,1,6,1
24,13,1,1,0
24,14,2,3,0
24,15,8,0,0
24,16,2,2,0
24,17,5,8,0
24,18,0,3,0
24,19,6,2,0
24,20,5,0,0
24,21,3,3,0
24,22,6,6,0
24,23,9,9,0
24,24,4,3,0
24,25,7,6,0
24,26,0,7,0
24,27,5,7,1
24,28,8,1,0
24,29,8,2,1
24,30,0,6,0
24,31,1,0,1
24,32,2,4,0
24,33,5,2,0
24,34,9,5,0
24,35,7,3,0
24,36,9,1,0
24,37,2,1,0
24,38,3,8,1
24,39,3,1,0
25,0,4,5,0
25,1,1,5,0
25,2,9,0,0
25,3,3,2,0
25,4,3,5,1
25,5,6,3,0
25,6,1,7,1
25,7,7,2,0
25,8,7,9,0
25,9,9,6,0
25,10,4,8,0
25,11,3,6,1
25,12,1,6,1
25,13,1,1,0
25,14,2,3,0
25,15,8,0,0
25,16,2,2,0
25,17,5,8,0
25,18,0,3,0
25,19,6,2,0
25,20,5,0,0
25,21,3,3,0
25,22,6,6,0
25,23,9,9,0
25,24,4,3,0
25,25,7,6,0
25,26,0,7,0
25,27,5,7,1
25,28,8,1,0
25,29,8,2,1
25,30,0,6,0
25,31,1,0,1
25,32,2,4,0
25,33,5,2,0
25,34,9,5,0
25,35,7,3,0
25,36,9,1,0
25,37,2,1,0
25,38,3,8,1
25,39,3,1,0
26,0,4,5,0
26,1,1,5,0
26,2,9,0,0
26,3,3,2,0
26,4,3,5,1
26,5,6,3,0
26,6,1,7,1
26,7,7,2,0
26,8,7,9,0
26,9,9,6,0
26,10,4,8,0
26,11,3,6,1
26,12,1,6,1
26,13,1,1,0
26,14,2,3,0
26,15,8,0,0
26,16,2,2,0
26,17,5,8,0
26,18,0,3,0
26,19,6,2,0
26,20,5,0,0
26,21,3,3,0
26,22,6,6,0
26,23,9,9,0
26,24,4,3,0
26,25,7,6,0
26,26,0,7,0
26,27,5,7,1
26,28,8,1,0
26,29,8,2,1
26,30,0,6,0
26,31,1,0,1
26,32,2,4,0
26,33,5,2,0
26,34,9,5,0
26,35,7,3,0
26,36,9,1,0
26,37,2,1,0
26,38,3,8,1
26,39,3,1,0
27,0,4,5,0
27,1,1,5,0
27,2,9,0,0
27,3,3,2,0
27,4,3,5,1
27,5,6,3,0
27,6,1,7,1
27,7,7,2,0
27,8,7,9,0
27,9,9,6,0
27,10,4,8,0
27,11,3,6,1
27,12,1,6,1
27,13,1,1,0
27,14,2,3,0
27,15,8,0,0
27,16,2,2,0
27,17,5,8,0
27,18,0,3,0
27,19,6,2,0
27,20,5,0,0
27,21,3,3,0
27,22,6,6,0
27,23,9,9,0
27,24,4,3,0
27,25,7,6,0
27,26,0,7,0
27,27,5,7,1
27,28,8,1,0
27,29,8,2,1
27,30,0,6,0
27,31,1,0,1
27,32,2,4,0
27,33,5,2,0
27,34,9,5,0
27,35,7,3,0
27,36,9,1,0
27,37,2,1,0
27,38,3,8,1
27,39,3,1,0
28,0,4,5,0
28,1,1,5,0
28,2,9,0,0
28,3,3,2,0
28,4,3,5,1
28,5,6,3,0
28,6,1,7,1
28,7,7,2,0
28,8,7,9,0
28,9,9,6,0
28,10,4,8,0
28,11,3,6,1
28,12,1,6,1
28,13,1,1,0
28,14,2,3,0
28,15,8,0,0
28,16,2,2,0
28,17,5,8,0
28,18,0,3,0
28,19,6,2,0
28,20,5,0,0
28,21,3,3,0
28,22,6,6,0
28,23,9,9,0
28,24,4,3,0
28,25,7,6,0
28,26,0,7,0
28,27,5,7,1
28,28,8,1,0
28,29,8,2,1
28,30,0,6,0
28,31,1,0,1
28,32,2,4,0
28,33,5,2,0
28,34,9,5,0
28,35,7,3,0
28,36,9,1,0
28,37,2,1,0
28,38,3,8,1
28,39,3,1,0
29,0,4,5,0
29,1,1,5,0
29,2,9,0,0
29,3,3,2,0
29,4,3,5,1
29,5,6,3,0
29,6,1,7,1
29,7,7,2,0
29,8,7,9,0
29,9,9,6,0
29,10,4,8,0
29,11,3,6,1
29,12,1,6,1
29,13,1,1,0
29,14,2,3,0
29,15,8,0,0
29,16,2,2,0
29,17,5,8,0
29,18,0,3,0
29,19,6,2,0
29,20,5,0,0
29,21,3,3,0
29,22,6,6,0
29,23,9,9,0
29,24,4,3,0
29,25,7,6,0
29,26,0,7,0
29,27,5,7,1
29,28,8,1,0
29,29,8,2,1
29,30,0,6,0
29,31,1,0,1
29,32,2,4,0
29,33,5,2,0
29,34,9,5,0
29,35,7,3,0
29,36,9,1,0
29,37,2,1,0
29,38,3,8,1
29,39,3,1,0
30,0,4,5,0
30,1,1,5,0
30,2,9,0,0
30,3,3,2,0
30,4,3,5,1
30,5,6,3,0
30,6,1,7,1
30,7,7,2,0
30,8,7,9,0
30,9,9,6,0
30,10,4,8,0
30,11,3,6,1
30,12,1,6,1
30,13,1,1,0
30,14,2,3,0
30,15,8,0,0
30,16,2,2,0
30,17,5,8,0
30,18,0,3,0
30,19,6,2,0
30,20,5,0,0
30,21,3,3,0
30,22,6,6,0
30,23,9,9,0
30,24,4,3,0
30,25,7,6,0
30,26,0,7,0
30,27,5,7,1
30,28,8,1,0
30,29,8,2,1
30,30,0,6,0
30,31,1,0,1
30,32,2,4,0
30,33,5,2,0
30,34,9,5,0
30,35,7,3,0
30,36,9,1,0
30,37,2,1,0
30,38,3,8,1
30,39,3,1,0
31,0,4,5,0
31,1,1,5,0
31,2,9,0,0
31,3,3,2,0
31,4,3,5,1
31,5,6,3,0
31,6,1,7,1
31,7,7,2,0
31,8,7,9,0
31,9,9,6,0
31,10,4,8,0
31,11,3,6,1
31,12,1,6,1
31,13,1,1,0
31,14,2,3,0
31,15,8,0,0
31,16,2,2,0
31,17,5,8,0
31,18,0,3,0
31,19,6,2,0
31,20,5,0,0
31,21,3,3,0
31,22,6,6,0
31,23,9,9,0
31,24,4,3,0
31,25,7,6,0
31,26,0,7,0
31,27,5,7,1
31,28,8,1,0
31,29,8,2,1
31,30,0,6,0
31,31,1,0,1
31,32,2,4,0
31,33,5,2,0
31,34,9,5,0
31,35,7,3,0
31,36,9,1,0
31,37,2,1,0
31,38,3,8,1
31,39,3,1,0
32,0,4,5,0
32,1,1,5,0
32,2,9,0,0
32,3,3,2,0
32,4,3,5,1
32,5,6,3,0
32,6,1,7,1
32,7,7,2,0
32,8,7,9,0
32,9,9,6,0
32,10,4,8,0
32,11,3,6,1
32,12,1,6,1
32,13,1,1,0
32,14,2,3,0
32,15,8,0,0
32,16,2,2,0
32,17,5,8,0
32,18,0,3,0
32,19,6,2,0
32,20,5,0,0
32,21,3,3,0
32,22,6,6,0
32,23,9,9,0
32,24,4,3,0
32,25,7,6,0
32,26,0,7,0
32,27,5,7,1
32,28,8,1,0
32,29,8,2,1
32,30,0,6,0
32,31,1,0,1
32,32,2,4,0
32,33,5,2,0
32,34,9,5,0
32,35,7,3,0
32,36,9,1,0
32,37,2,1,0
32,38,3,8,1
32,39,3,1,0
33,0,4,5,0
33,1,1,5,0
33,2,9,0,0
33,3,3,2,0
33,4,3,5,1
33,5,6,3,0
33,6,1,7,1
33,7,7,2,0
33,8,7,9,0
33,9,9,6,0
33,10,4,8,0
33,11,3,6,1
33,12,1,6,1
33,13,1,1,0
33,14,2,3,0
33,15,8,0,0
33,16,2,2,0
33,17,5,8,0
33,18,0,3,0
33,19,6,2,0
33,20,5,0,0
33,21,3,3,0
33,22,6,6,0
33,23,9,9,0
33,24,4,3,0
33,25,7,6,0
33,26,0,7,0
33,27,5,7,1
33,28,8,1,0
33,29,8,2,1
33,30,0,6,0
33,31,1,0,1
33,32,2,4,0
33,33,5,2,0
33,34,9,5,0
33,35,7,3,0
33,36,9,1,0
33,37,2,1,0
33,38,3,8,1
33,39,3,1,0
34,0,4,5,0
34,1,1,5,0
34,2,9,0,0
34,3,3,2,0
34,4,3,5,1
34,5,6,3,0
34,6,1,7,1
34,7,7,2,0
34,8,7,9,0
34,9,9,6,0
34,10,4,8,0
34,11,3,6,1
34,12,1,6,1
34,13,1,1,0
34,14,2,3,0
34,15,8,0,0
34,16,2,2,0
34,17,5,8,0
34,18,0,3,0
34,19,6,2,0
34,20,5,0,0
34,21,3,3,0
34,22,6,6,0
34,23,9,9,0
34,24,4,3,0
34,25,7,6,0
34,26,0,7,0
34,27,5,7,1
34,28,8,1,0
34,29,8,2,1
34,30,0,6,0
34,31,1,0,1
34,32,2,4,0
34,33,5,2,0
34,34,9,5,0
34,35,7,3,0
34,36,9,1,0
34,37,2,1,0
34,38,3,8,1
34,39,3,1,0
35,0,4,5,0
35,1,1,5,0
35,2,9,0,0
35,3,3,2,0
35,4,3,5,1
35,5,6,3,0
35,6,1,7,1
35,7,7,2,0
35,8,7,9,0
35,9,9,6,0
35,10,4,8,0
35,11,3,6,1
35,12,1,6,1
35,13,1,1,0
35,14,2,3,0
35,15,8,0,0
35,16,2,2,0
35,17,5,8,0
35,18,0,3,0
35,19,6,2,0
35,20,5,0,0
35,21,3,3,0
35,22,6,6,0
35,23,9,9,0
35,24,4,3,0
35,25,7,6,0
35,26,0,7,0
35,27,5,7,1
35,28,8,1,0
35,29,8,2,1
35,30,0,6,0
35,31,1,0,1
35,32,2,4,0
35,33,5,2,0
35,34,9,5,0
35,35,7,3,0
35,36,9,1,0
35,37,2,1,0
35,38,3,8,1
35,39,3,1,0
36,0,4,5,0
36,1,1,5,0
36,2,9,0,0
36,3,3,2,0
36,4,3,5,1
36,5,6,3,0
36,6,1,7,1
36,7,7,2,0
36,8,7,9,0
36,9,9,6,0
36,10,4,8,0
36,11,3,6,1
36,12,1,6,1
36,13,1,1,0
36,14,2,3,0
36,15,8,0,0
36,16,2,2,0
36,17,5,8,0
36,18,0,3,0
36,19,6,2,0
36,20,5,0,0
36,21,3,3,0
36,22,6,6,0
36,23,9,9,0
36,24,4,3,0
36,25,7,6,0
36,26,0,7,0
36,27,5,7,1
36,28,8,1,0
36,29,8,2,1
36,30,0,6,0
36,31,1,0,1
36,32,2,4,0
36,33,5,2,0
36,34,9,5,0
36,35,7,3,0
36,36,9,1,0
36,37,2,1,0
36,38,3,8,1
36,39,3,1,0
37,0,4,5,0
37,1,1,5,0
37,2,9,0,0
37,3,3,2,0
37,4,3,5,1
37,5,6,3,0
37,6,1,7,1
37,7,7,2,0
37,8,7,9,0
37,9,9,6,0
37,10,4,8,0
37,11,3,6,1
37,12,1,6,1
37,13,1,1,0
37,14,2,3,0
37,15,8,0,0
37,16,2,2,0
37,17,5,8,0
37,18,0,3,0
37,19,6,2,0
37,20,5,0,0
37,21,3,3,0
37,22,6,6,0
37,23,9,9,0
37,24,4,3,0
37,25,7,6,0
37,26,0,7,0
37,27,5,7,1
37,28,8,1,0
37,29,8,2,1
37,30,0,6,0
37,31,1,0,1
37,32,2,4,0
37,33,5,2,0
37,34,9,5,0
37,35,7,3,0
37,36,9,1,0
37,37,2,1,0
37,38,3,8,1
37,39,3,1,0
38,0,4,5,0
38,1,1,5,0
38,2,9,0,0
38,3,3,2,0
38,4,3,5,1
38,5,6,3,0
38,6,1,7,1
38,7,7,2,0
38,8,7,9,0
38,9,9,6,0
38,10,4,8,0
38,11,3,6,1
38,12,1,6,1
38,13,1,1,0
38,14,2,3,0
38,15,8,0,0
38,16,2,2,0
38,17,5,8,0
38,18,0,3,0
38,19,6,2,0
38,20,5,0,0
38,21,3,3,0
38,22,6,6,0
38,23,9,9,0
38,24,4,3,0
38,25,7,6,0
38,26,0,7,0
38,27,5,7,1
38,28,8,1,0
38,29,8,2,1
38,30,0,6,0
38,31,1,0,1
38,32,2,4,0
38,33,5,2,0
38,34,9,5,0
38,35,7,3,0
38,36,9,1,0
38,37,2,1,0
38,38,3,8,1
38,39,3,1,0
39,0,4,5,0
39,1,1,5,0
39,2,9,0,0
39,3,3,2,0
39,4,3,5,1
39,5,6,3,0
39,6,1,7,1
39,7,7,2,0
39,8,7,9,0
39,9,9,6,0
39,10,4,8,0
39,11,3,6,1
39,12,1,6,1
39,13,1,1,0
39,14,2,3,0
39,15,8,0,0
39,16,2,2,0
39,17,5,8,0
39,18,0,3,0
39,19,6,2,0
39,20,5,0,0
39,21,3,3,0
39,22,6,6,0
39,23,9,9,0
39,24,4,3,0
39,25,7,6,0
39,26,0,7,0
39,27,5,7,1
39,28,8,1,0
39,29,8,2,1
39,30,0,6,0
39,31,1,0,1
39,32,2,4,0
39,33,5,2,0
39,34,9,5,0
39,35,7,3,0
39,36,9,1,0
39,37,2,1,0
39,38,3,8,1
39,39,3,1,0
40,0,4,5,0
40,1,1,5,0
40,2,9,0,0
40,3,3,2,0
40,4,3,5,1
40,5,6,3,0
40,6,1,7,1
40,7,7,2,0
40,8,7,9,0
40,9,9,6,0
40,10,4,8,0
40,11,3,6,1
40,12,1,6,1
40,13,1,1,0
40,14,2,3,0
40,15,8,0,0
40,16,2,2,0
40,17,5,8,0
40,18,0,3,0
40,19,6,2,0
40,20,5,0,0
40,21,3,3,0
40,22,6,6,0
40,23,9,9,0
40,24,4,3,0
40,25,7,6,0
40,26,0,7,0
40,27,5,7,1
40,28,8,1,0
40,29,8,2,1
40,30,0,6,0
40,31,1,0,1
40,32,2,4,0
40,33,5,2,0
40,34,9,5,0
40,35,7,3,0
40,36,9,1,0
40,37,2,1,0
40,38,3,8,1
40,39,3,1,0
41,0,4,5,0
41,1,1,5,0
41,2,9,0,0
41,3,3,2,0
41,4,3,5,1
41,5,6,3,0
41,6,1,7,1
41,7,7,2,0
41,8,7,9,0
41,9,9,6,0
41,10,4,8,0
41,11,3,6,1
41,12,1,6,1
41,13,1,1,0
41,14,2,3,0
41,15,8,0,0
41,16,2,2,0
41,17,5,8,0
41,18,0,3,0
41,19,6,2,0
41,20,5,0,0
41,21,3,3,0
41,22,6,6,0
41,23,9,9,0
41,24,4,3,0
41,25,7,6,0
41,26,0,7,0
41,27,5,7,1
41,28,8,1,0
41,29,8,2,1
41,30,0,6,0
41,31,1,0,1
41,32,2,4,0
41,33,5,2,0
41,34,9,5,0
41,35,7,3,0
41,36,9,1,0
41,37,2,1,0
41,38,3,8,1
41,39,3,1,0
42,0,4,5,0
42,1,1,5,0
42,2,9,0,0
42,3,3,2,0
42,4,3,5,1
42,5,6,3,0
42,6,1,7,1
42,7,7,2,0
42,8,7,9,0
42,9,9,6,0
42,10,4,8,0
42,11,3,6,1
42,12,1,6,1
42,13,1,1,0
42,14,2,3,0
42,15,8,0,0
42,16,2,2,0
42,17,5,8,0
42,18,0,3,0
42,19,6,2,0
42,20,5,0,0
42,21,3,3,0
42,22,6,6,0
42,23,9,9,0
42,24,4,3,0
42,25,7,6,0
42,26,0,7,0
42,27,5,7,1
42,28,8,1,0
42,29,8,2,1
42,30,0,6,0
42,31,1,0,1
42,32,2,4,0
42,33,5,2,0
42,34,9,5,0
42,35,7,3,0
42,36,9,1,0
42,37,2,1,0
42,38,3,8,1
42,39,3,1,0
43,0,4,5,0
43,1,1,5,0
43,2,9,0,0
43,3,3,2,0
43,4,3,5,1
43,5,6,3,0
43,6,1,7,1
43,7,7,2,0
43,8,7,9,0
43,9,9,6,0
43,10,4,8,0
43,11,3,6,1
43,12,1,6,1
43,13,1,1,0
43,14,2,3,0
43,15,8,0,0
43,16,2,2,0
43,17,5,8,0
43,18,0,3,0
43,19,6,2,0
43,20,5,0,0
43,21,3,3,0
43,22,6,6,0
43,23,9,9,0
43,24,4,3,0
43,25,7,6,0
43,26,0,7,0
43,27,5,7,1
43,28,8,1,0
43,29,8,2,1
43,30,0,6,0
43,31,1,0,1
43,32,2,4,0
43,33,5,2,0
43,34,9,5,0
43,35,7,3,0
43,36,9,1,0
43,37,2,1,0
43,38,3,8,1
43,39,3,1,0
44,0,4,5,0
44,1,1,5,0
44,2,9,0,0
44,3,3,2,0
44,4,3,5,1
44,5,6,3,0
44,6,1,7,1
44,7,7,2,0
44,8,7,9,0
44,9,9,6,0
44,10,4,8,0
44,11,3,6,1
44,12,1,6,1
44,13,1,1,0
44,14,2,3,0
44,15,8,0,0
44,16,2,2,0
44,17,5,8,0
44,18,0,3,0
44,19,6,2,0
44,20,5,0,0
44,21,3,3,0
44,22,6,6,0
44,23,9,9,0
44,24,4,3,0
44,25,7,6,0
44,26,0,7,0
44,27,5,7,1
44,28,8,1,0
44,29,8,2,1
44,30,0,6,0
44,31,1,0,1
44,32,2,4,0
44,33,5,2,0
44,34,9,5,0
44,35,7,3,0
44,36,9,1,0
44,37,2,1,0
44,38,3,8,1
44,39,3,1,0
45,0,4,5,0
45,1,1,5,0
45,2,9,0,0
45,3,3,2,0
45,4,3,5,1
45,5,6,3,0
45,6,1,7,1
45,7,7,2,0
45,8,7,9,0
45,9,9,6,0
45,10,4,8,0
45,11,3,6,1
45,12,1,6,1
45,13,1,1,0
45,14,2,3,0
45,15,8,0,0
45,16,2,2,0
45,17,5,8,0
45,18,0,3,0
45,19,6,2,0
45,20,5,0,0
45,21,3,3,0
45,22,6,6,0
45,23,9,9,0
45,24,4,3,0
45,25,7,6,0
45,26,0,7,0
45,27,5,7,1
45,28,8,1,0
45,29,8,2,1
45,30,0,6,0
45,31,1,0,1
45,32,2,4,0
45,33,5,2,0
45,34,9,5,0
45,35,7,3,0
45,36,9,1,0
45,37,2,1,0
45,38,3,8,1
45,39,3,1,0
46,0,4,5,0
46,1,1,5,0
46,2,9,0,0
46,3,3,2,0
46,4,3,5,1
46,5,6,3,0
46,6,1,7,1
46,7,7,2,0
46,8,7,9,0
46,9,9,6,0
46,10,4,8,0
46,11,3,6,1
46,12,1,6,1
46,13,1,1,0
46,14,2,3,0
46,15,8,0,0
46,16,2,2,0
46,17,5,8,0
46,18,0,3,0
46,19,6,2,0
46,20,5,0,0
46,21,3,3,0
46,22,6,6,0
46,23,9,9,0
46,24,4,3,0
46,25,7,6,0
46,26,0,7,0
46,27,5,7,1
46,28,8,1,0
46,29,8,2,1
46,30,0,6,0
46,31,1,0,1
46,32,2,4,0
46,33,5,2,0
46,34,9,5,0
46,35,7,3,0
46,36,9,1,0
46,37,2,1,0
46,38,3,8,1
46,39,3,1,0
47,0,4,5,0
47,1,1,5,0
47,2,9,0,0
47,3,3,2,0
47,4,3,5,1
47,5,6,3,0
47,6,1,7,1
47,7,7,2,0
47,8,7,9,0
47,9,9,6,0
47,10,4,8,0
47,11,3,6,1
47,12,1,6,1
47,13,1,1,0
47,14,2,3,0
47,15,8,0,0
47,16,2,2,0
47,17,5,8,0
47,18,0,3,0
47,19,6,2,0
47,20,5,0,0
47,21,3,3,0
47,22,6,6,0
47,23,9,9,0
47,24,4,3,0
47,25,7,6,0
47,26,0,7,0
47,27,5,7,1
47,28,8,1,0
47,29,8,2,1
47,30,0,6,0
47,31,1,0,1
47,32,2,4,0
47,33,5,2,0
47,34,9,5,0
47,35,7,3,0
47,36,9,1,0
47,37,2,1,0
47,38,3,8,1
47,39,3,1,0
48,0,4,5,0
48,1,1,5,0
48,2,9,0,0
48,3,3,2,0
48,4,3,5,1
48,5,6,3,0
48,6,1,7,1
48,7,7,2,0
48,8,7,9,0
48,9,9,6,0
48,10,4,8,0
48,11,3,6,1
48,12,1,6,1
48,13,1,1,0
48,14,2,3,0
48,15,8,0,0
48,16,2,2,0
48,17,5,8,0
48,18,0,3,0
48,19,6,2,0
48,20,5,0,0
48,21,3,3,0
48,22,6,6,0
48,23,9,9,0
48,24,4,3,0
48,25,7,6,0
48,26,0,7,0
48,27,5,7,1
48,28,8,1,0
48,29,8,2,1
48,30,0,6,0
48,31,1,0,1
48,32,2,4,0
48,33,5,2,0
48,34,9,5,0
48,35,7,3,0
48,36,9,1,0
48,37,2,1,0
48,38,3,8,1
48,39,3,1,0
49,0,4,5,0
49,1,1,5,0
49,2,9,0,0
49,3,3,2,0
49,4,3,5,1
49,5,6,3,0
49,6,1,7,1
49,7,7,2,0
49,8,7,9,0
49,9,9,6,0
49,10,4,8,0
49,11,3,6,1
49,12,1,6,1
49,13,1,1,0
49,14,2,3,0
49,15,8,0,0
49,16,2,2,0
49,17,5,8,0
49,18,0,3,0
49,19,6,2,0
49,20,5,0,0
49,21,3,3,0
49,22,6,6,0
49,23,9,9,0
49,24,4,3,0
49,25,7,6,0
49,26,0,7,0
49,27,5,7,1
49,28,8,1,0
49,29,8,2,1
49,30,0,6,0
49,31,1,0,1
49,32,2,4,0
49,33,5,2,0
49,34,9,5,0
49,35,7,3,0
49,36,9,1,0
49,37,2,1,0
49,38,3,8,1
49,39,3,1,0
50,0,4,5,0
50,1,1,5,0
50,2,9,0,0
50,3,3,2,0
50,4,3,5,1
50,5,6,3,0
50,6,1,7,1
50,7,7,2,0
50,8,7,9,0
50,9,9,6,0
50,10,4,8,0
50,11,3,6,1
50,12,1,6,1
50,13,1,1,0
50,14,2,3,0
50,15,8,0,0
50,16,2,2,0
50,17,5,8,0
50,18,0,3,0
50,19,6,2,0
50,20,5,0,0
50,21,3,3,0
50,22,6,6,0
50,23,9,9,0
50,24,4,3,0
50,25,7,6,0
50,26,0,7,0
50,27,5,7,1
50,28,8,1,0
50,29,8,2,1
50,30,0,6,0
50,31,1,0,1
50,32,2,4,0
50,33,5,2,0
50,34,9,5,0
50,35,7,3,0
50,36,9,1,0
50,37,2,1,0
50,38,3,8,1
50,39,3,1,0
51,0,4,5,0
51,1,1,5,0
51,2,9,0,0
51,3,3,2,0
51,4,3,5,1
51,5,6,3,0
51,6,1,7,1
51,7,7,2,0
51,8,7,9,0
51,9,9,6,0
51,10,4,8,0
51,11,3,6,1
51,12,1,6,1
51,13,1,1,0
51,14,2,3,0
51,15,8,0,0
51,16,2,2,0
51,17,5,8,0
51,18,0,3,0
51,19,6,2,0
51,20,5,0,0
51,21,3,3,0
51,22,6,6,0
51,23,9,9,0
51,24,4,3,0
51,25,7,6,0
51,26,0,7,0
51,27,5,7,1
51,28,8,1,0
51,29,8,2,1
51,30,0,6,0
51,31,1,0,1
51,32,2,4,0
51,33,5,2,0
51,34,9,5,0
51,35,7,3,0
51,36,9,1,0
51,37,2,1,0
51,38,3,8,1
51,39,3,1,0
52,0,4,5,0
52,1,1,5,0
52,2,9,0,0
52,3,3,2,0
52,4,3,5,1
52,5,6,3,0
52,6,1,7,1
52,7,7,2,0
52,8,7,9,0
52,9,9,6,0
52,10,4,8,0
52,11,3,6,1
52,12,1,6,1
52,13,1,1,0
52,14,2,3,0
52,15,8,0,0
52,16,2,2,0
52,17,5,8,0
52,18,0,3,0
52,19,6,2,0
52,20,5,0,0
52,21,3,3,0
52,22,6,6,0
52,23,9,9,0
52,24,4,3,0
52,25,7,6,0
52,26,0,7,0
52,27,5,7,1
52,28,8,1,0
52,29,8,2,1
52,30,0,6,0
52,31,1,0,1
52,32,2,4,0
52,33,5,2,0
52,34,9,5,0
52,35,7,3,0
52,36,9,1,0
52,37,2,1,0
52,38,3,8,1
52,39,3,1,0
53,0,4,5,0
53,1,1,5,0
53,2,9,0,0
53,3,3,2,0
53,4,3,5,1
53,5,6,3,0
53,6,1,7,1
53,7,7,2,0
53,8,7,9,0
53,9,9,6,0
53,10,4,8,0
53,11,3,6,1
53,12,1,6,1
53,13,1,1,0
53,14,2,3,0
53,15,8,0,0
53,16,2,2,0
53,17,5,8,0
53,18,0,3,0
53,19,6,2,0
53,20,5,0,0
53,21,3,3,0
53,22,6,6,0
53,23,9,9,0
53,24,4,3,0
53,25,7,6,0
53,26,0,7,0
53,27,5,7,1
53,28,8,1,0
53,29,8,2,1
53,30,0,6,0
53,31,1,0,1
53,32,2,4,0
53,33,5,2,0
53,34,9,5,0
53,35,7,3,0
53,36,9,1,0
53,37,2,1,0
53,38,3,8,1
53,39,3,1,0
54,0,4,5,0
54,1,1,5,0
54,2,9,0,0
54,3,3,2,0
54,4,3,5,1
54,5,6,3,0
54,6,1,7,1
54,7,7,2,0
54,8,7,9,0
54,9,9,6,0
54,10,4,8,0
54,11,3,6,1
54,12,1,6,1
54,13,1,1,0
54,14,2,3,0
54,15,8,0,0
54,16,2,2,0
54,17,5,8,0
54,18,0,3,0
54,19,6,2,0
54,20,5,0,0
54,21,3,3,0
54,22,6,6,0
54,23,9,9,0
54,24,4,3,0
54,25,7,6,0
54,26,0,7,0
54,27,5,7,1
54,28,8,1,0
54,29,8,2,1
54,30,0,6,0
54,31,1,0,1
54,32,2,4,0
54,33,5,2,0
54,34,9,5,0
54,35,7,3,0
54,36,9,1,0
54,37,2,1,0
54,38,3,8,1
54,39,3,1,0
55,0,4,5,0
55,1,1,5,0
55,2,9,0,0
55,3,3,2,0
55,4,3,5,1
55,5,6,3,0
55,6,1,7,1
55,7,7,2,0
55,8,7,9,0
55,9,9,6,0
55,10,4,8,0
55,11,3,6,1
55,12,1,6,1
55,13,1,1,0
55,14,2,3,0
55,15,8,0,0
55,16,2,2,0
55,17,5,8,0
55,18,0,3,0
55,19,6,2,0
55,20,5,0,0
55,21,3,3,0
55,22,6,6,0
55,23,9,9,0
55,24,4,3,0
55,25,7,6,0
55,26,0,7,0
55,27,5,7,1
55,28,8,1,0
55,29,8,2,1
55,30,0,6,0
55,31,1,0,1
55,32,2,4,0
55,33,5,2,0
55,34,9,5,0
55,35,7,3,0
55,36,9,1,0
55,37,2,1,0
55,38,3,8,1
55,39,3,1,0
56,0,4,5,0
56,1,1,5,0
56,2,9,0,0
56,3,3,2,0
56,4,3,5,1
56,5,6,3,0
56,6,1,7,1
56,7,7,2,0
56,8,7,9,0
56,9,9,6,0
56,10,4,8,0
56,11,3,6,1
56,12,1,6,1
56,13,1,1,0
56,14,2,3,0
56,15,8,0,0
56,16,2,2,0
56,17,5,8,0
56,18,0,3,0
56,19,6,2,0
56,20,5,0,0
56,21,3,3,0
56,22,6,6,0
56,23,9,9,0
56,24,4,3,0
56,25,7,6,0
56,26,0,7,0
56,27,5,7,1
56,28,8,1,0
56,29,8,2,1
56,30,0,6,0
56,31,1,0,1
56,32,2,4,0
56,33,5,2,0
56,34,9,5,0
56,35,7,3,0
56,36,9,1,0
56,37,2,1,0
56,38,3,8,1
56,39,3,1,0
57,0,4,5,0
57,1,1,5,0
57,2,9,0,0
57,3,3,2,0
57,4,3,5,1
57,5,6,3,0
57,6,1,7,1
57,7,7,2,0
57,8,7,9,0
57,9,9,6,0
57,10,4,8,0
57,11,3,6,1
57,12,1,6,1
57,13,1,1,0
57,14,2,3,0
57,15,8,0,0
57,16,2,2,0
57,17,5,8,0
57,18,0,3,0
57,19,6,2,0
57,20,5,0,0
57,21,3,3,0
57,22,6,6,0
57,23,9,9,0
57,24,4,3,0
57,25,7,6,0
57,26,0,7,0
57,27,5,7,1
57,28,8,1,0
57,29,8,2,1
57,30,0,6,0
57,31,1,0,1
57,32,2,4,0
57,33,5,2,0
57,34,9,5,0
57,35,7,3,0
57,36,9,1,0
57,37,2,1,0
57,38,3,8,1
57,39,3,1,0
58,0,4,5,0
58,1,1,5,0
58,2,9,0,0
58,3,3,2,0
58,4,3,5,1
58,5,6,3,0
58,6,1,7,1
58,7,7,2,0
58,8,7,9,0
58,9,9,6,0
58,10,4,8,0
58,11,3,6,1
58,12,1,6,1
58,13,1,1,0
58,14,2,3,0
58,15,8,0,0
58,16,2,2,0
58,17,5,8,0
58,18,0,3,0
58,19,6,2,0
58,20,5,0,0
58,21,3,3,0
58,22,6,6,0
58,23,9,9,0
58,24,4,3,0
58,25,7,6,0
58,26,0,7,0
58,27,5,7,1
58,28,8,1,0
58,29,8,2,1
58,30,0,6,0
58,31,1,0,1
58,32,2,4,0
58,33,5,2,0
58,34,9,5,0
58,35,7,3,0
58,36,9,1,0
58,37,2,1,0
58,38,3,8,1
58,39,3,1,0
59,0,4,5,0
59,1,1,5,0
59,2,9,0,0
59,3,3,2,0
59,4,3,5,1
59,5,6,3,0
59,6,1,7,1
59,7,7,2,0
59,8,7,9,0
59,9,9,6,0
59,10,4,8,0
59,11,3,6,1
59,12,1,6,1
59,13,1,1,0
59,14,2,3,0
59,15,8,0,0
59,16,2,2,0
59,17,5,8,0
59,18,0,3,0
59,19,6,2,0
59,20,5,0,0
59,21,3,3,0
59,22,6,6,0
59,23,9,9,0
59,24,4,3,0
59,25,7,6,0
59,26,0,7,0
59,27,5,7,1
59,28,8,1,0
59,29,8,2,1
59,30,0,6,0
59,31,1,0,1
59,32,2,4,0
59,33,5,2,0
59,34,9,5,0
59,35,7,3,0
59,36,9,1,0
59,37,2,1,0
59,38,3,8,1
59,39,3,1,0
60,0,4,5,0
60,1,1,5,0
60,2,9,0,0
60,3,3,2,0
60,4,3,5,1
60,5,6,3,0
60,6,1,7,1
60,7,7,2,0
60,8,7,9,0
60,9,9,6,0
60,10,4,8,0
60,11,3,6,1
60,12,1,6,1
60,13,1,1,0
60,14,2,3,0
60,15,8,0,0
60,16,2,2,0
60,17,5,8,0
60,18,0,3,0
60,19,6,2,0
60,20,5,0,0
60,21,3,3,0
60,22,6,6,0
60,23,9,9,0
60,24,4,3,0
60,25,7,6,0
60,26,0,7,0
60,27,5,7,1
60,28,8,1,0
60,29,8,2,1
60,30,0,6,0
60,31,1,0,1
60,32,2,4,0
60,33,5,2,0
60,34,9,5,0
60,35,7,3,0
60,36,9,1,0
60,37,2,1,0
60,38,3,8,1
60,39,3,1,0
61,0,4,5,0
61,1,1,5,0
61,2,9,0,0
61,3,3,2,0
61,4,3,5,1
61,5,6,3,0
61,6,1,7,1
61,7,7,2,0
61,8,7,9,0
61,9,9,6,0
61,10,4,8,0
61,11,3,6,1
61,12,1,6,1
61,13,1,1,0
61,14,2,3,0
61,15,8,0,0
61,16,2,2,0
61,17,5,8,0
61,18,0,3,0
61,19,6,2,0
61,20,5,0,0
61,21,3,3,0
61,22,6,6,0
61,23,9,9,0
61,24,4,3,0
61,25,7,6,0
61,26,0,7,0
61,27,5,7,1
61,28,8,1,0
61,29,8,2,1
61,30,0,6,0
61,31,1,0,1
61,32,2,4,0
61,33,5,2,0
61,34,9,5,0
61,35,7,3,0
61,36,9,1,0
61,37,2,1,0
61,38,3,8,1
61,39,3,1,0
62,0,4,5,0
62,1,1,5,0
62,2,9,0,0
62,3,3,2,0
62,4,3,5,1
62,5,6,3,0
62,6,1,7,1
62,7,7,2,0
62,8,7,9,0
62,9,9,6,0
62,10,4,8,0
62,11,3,6,1
62,12,1,6,1
62,13,1,1,0
62,14,2,3,0
62,15,8,0,0
62,16,2,2,0
62,17,5,8,0
62,18,0,3,0
62,19,6,2,0
62,20,5,0,0
62,21,3,3,0
62,22,6,6,0
62,23,9,9,0
62,24,4,3,0
62,25,7,6,0
62,26,0,7,0
62,27,5,7,1
62,28,8,1,0
62,29,8,2,1
62,30,0,6,0
62,31,1,0,1
62,32,2,4,0
62,33,5,2,0
62,34,9,5,0
62,35,7,3,0
62,36,9,1,0
62,37,2,1,0
62,38,3,8,1
62,39,3,1,0
63,0,4,5,0
63,1,1,5,0
63,2,9,0,0
63,3,3,2,0
63,4,3,5,1
63,5,6,3,0
63,6,1,7,1
63,7,7,2,0
63,8,7,9,0
63,9,9,6,0
63,10,4,8,0
63,11,3,6,1
63,12,1,6,1
63,13,1,1,0
63,14,2,3,0
63,15,8,0,0
63,16,2,2,0
63,17,5,8,0
63,18,0,3,0
63,19,6,2,0
63,20,5,0,0
63,21,3,3,0
63,22,6,6,0
63,23,9,9,0
63,24,4,3,0
63,25,7,6,0
63,26,0,7,0
63,27,5,7,1
63,28,8,1,0
63,29,8,2,1
63,30,0,6,0
63,31,1,0,1
63,32,2,4,0
63,33,5,2,0
63,34,9,5,0
63,35,7,3,0
63,36,9,1,0
63,37,2,1,0
63,38,3,8,1
63,39,3,1,0
